row,type,stage,mile_start,mile_end,dist_mi,gain_ft,loss_ft,avg_grade_pct,max_grade_pct,pace_B,gait,zone,hr_range,aid_action,dwell_B,closes,cum_B,cum_A
1,stage,Opening descent (free),0.00,0.62,0.62,0,175,-5.3,-10.9,9:53,RUN cad>=175,Z1-Z2,137-149,,,,0:06:08,0:05:58
2,stage,Rollers to the low point,0.62,1.09,0.47,46,49,-0.1,-6.1,11:11,RUN,Z1-Z2,137-149,,,,0:11:23,0:11:09
3,stage,Climb 1 — from the gun,1.09,1.76,0.67,463,0,13.1,24.7,16:02,HIKE,Z2,140-149,,,,0:22:08,0:21:53
4,stage,Drop,1.76,2.13,0.37,0,111,-5.7,-6.8,9:21,RUN cad>=175,Z1-Z2,137-149,,,,0:25:36,0:25:15
5,stage,Climb 2,2.13,2.52,0.39,250,0,12.1,18.3,15:37,HIKE,Z2,140-149,,,,0:31:41,0:31:20
6,stage,Steepest descent of the day *,2.52,2.85,0.33,0,251,-14.4,-20.8,9:31,RUN cad>=175,Z1-Z2,137-149,,,,0:34:50,0:34:24
7,stage,Climb 3,2.85,3.29,0.44,251,0,10.8,17.3,15:22,HIKE,Z2,140-149,,,,0:41:36,0:41:10
8,stage,Descent to Coon Club,3.29,3.70,0.41,12,230,-10.1,-22.7,10:00,RUN cad>=175,Z1-Z2,137-149,,,,0:45:42,0:45:11
AID,aid,Coon Club,3.7,3.7,,,,,,,,,,pass,0:15,9:15 AM,0:45:57,0:45:21
9,stage,Descent (cont.),3.70,3.86,0.16,0,42,-4.9,-7.9,9:44,RUN cad>=175,Z1-Z2,137-149,,,,0:47:31,0:46:52
10,stage,Climb 4 — steepest of the day *,3.86,4.37,0.51,465,1,17.2,33.5,17:40,HIKE,Z2,140-149,,,,0:56:32,0:55:53
11,stage,Roll and descent,4.37,5.34,0.97,88,366,-5.4,-18.7,10:33,RUN cad>=175,Z1-Z2,137-149,,,,1:06:46,1:05:55
12,stage,Climb 5,5.34,5.87,0.53,303,0,10.8,23.5,15:15,HIKE,Z2,140-149,,,,1:14:51,1:14:00
13,stage,Descent and roll to Ralph's,5.87,6.40,0.53,10,100,-3.2,-8.0,10:10,RUN cad>=175,Z1-Z2,137-149,,,,1:20:14,1:19:16
AID,aid,Ralph's (drop bag),6.4,6.4,,,,,,,,,,REFILL,1:30,10:10 AM,1:21:44,1:20:16
14,stage,Rollers out of Ralph's,6.40,7.53,1.13,126,93,0.6,12.4,11:32,RUN,Z1-Z2,137-149,,,,1:34:47,1:33:08
15,stage,Long easy descent (easiest stretch),7.53,9.72,2.19,74,370,-2.6,-11.1,10:18,RUN cad>=175,Z1-Z2,137-149,,,,1:57:22,1:55:15
16,stage,Mid-race climb A + drop,9.72,10.75,1.03,369,74,5.4,27.8,13:42,RUN,Z2,140-149,,,,2:11:30,2:09:09
17,stage,Mid-race climb B to M-Ville,10.75,11.10,0.35,274,0,14.8,31.2,17:26,HIKE,Z2-lowZ3,142-152,,,,2:17:36,2:15:16
AID,aid,M-Ville,11.1,11.1,,,,,,,,,,pass,0:15,1:10 PM,2:17:51,2:15:26
18,stage,Climb B (cont.) + descent,11.10,11.91,0.81,36,183,-3.4,-12.1,10:38,RUN cad>=175,Z2-lowZ3,142-152,,,,2:26:28,2:23:53
19,stage,Climb and descent to Greenall's,11.91,13.70,1.79,472,180,3.1,13.1,13:31,RUN/mix,Z2-lowZ3,142-152,,,,2:50:41,2:47:55
AID,aid,"Greenall's (crew, drop bag)",13.7,13.7,,,,,,,,,,REFILL,2:00,2:15 PM,2:52:41,2:48:55
20,stage,Climb to the high point,13.70,14.00,0.30,87,0,5.5,10.5,14:05,MIXED,Z2-lowZ3,142-152,,,,2:56:54,2:53:08
21,stage,Descent dose #2 (2.5 mi),14.00,16.35,2.35,37,667,-5.1,-20.6,10:15,RUN cad>=175,Z2-lowZ3,142-152,,,,3:21:01,3:16:41
22,stage,Bump and steep drop *,16.35,16.87,0.52,121,164,-1.6,-25.1,12:32,RUN,Z2-lowZ3,142-152,,,,3:27:32,3:23:08
23,stage,Biggest single climb,16.87,17.70,0.83,494,0,11.2,23.2,16:30,HIKE,Z2-lowZ3,142-152,,,,3:41:14,3:36:40
24,stage,"Drop, then long gentle climb",17.70,19.18,1.48,263,120,1.8,10.1,13:00,RUN,Z2-Z3,145-155,,,,4:00:29,3:55:48
25,stage,Descent and rise to Fallon's,19.18,19.70,0.52,0,227,-8.3,-20.1,10:01,RUN cad>=175,Z2-Z3,145-155,,,,4:05:41,4:00:52
AID,aid,Fallon's,19.7,19.7,,,,,,,,,,REFILL,2:30,3:40 PM,4:08:11,4:02:22
26,stage,Gentle climb (one steep pitch),19.70,21.38,1.68,238,163,0.8,17.9,12:25,RUN,Z2-Z3,145-155,,,,4:29:04,4:23:02
27,stage,Descent,21.38,22.39,1.01,0,416,-7.8,-19.7,10:01,RUN cad>=175,Z2-Z3,145-155,,,,4:39:12,4:32:52
28,stage,The +5% climb — to Stone's,22.39,22.90,0.51,203,0,7.5,12.5,16:07,HIKE,Z2-Z3,145-155,,,,4:47:25,4:41:00
AID,aid,Stone's,22.9,22.9,,,,,,,,,,top-up*,0:15,4:30 PM,4:47:40,4:41:10
29,stage,The +5% climb — from Stone's,22.90,23.89,0.99,244,0,4.7,10.4,14:31,RUN <150,Z2-Z3,145-150,,,,5:02:03,4:55:17
30,stage,D3 — the long descent (4.5 mi),23.89,28.21,4.32,0,1064,-4.7,-15.4,10:47,RUN cad>=175,Z2-Z3,145-155,,,,5:48:40,5:39:24
31,stage,THE STING — to Johnson's,28.21,28.60,0.39,124,0,6.1,14.4,15:36,HIKE,Z2-Z3,145-155,,,,5:54:45,5:45:12
AID,aid,"Johnson's (crew, drop bag)",28.6,28.6,,,,,,,,,,REFILL,1:00,5:50 PM,5:55:45,5:46:12
32,stage,THE STING — from Johnson's,28.60,29.61,1.01,360,0,6.8,13.2,16:54,HIKE,Z2-Z3,145-155,,,,6:12:50,6:02:27
33,stage,Roll and last bump,29.61,30.54,0.93,110,54,1.1,14.6,13:35,RUN,Z2-Z3,145-155,,,,6:25:28,6:14:13
34,stage,Finish descent,30.54,31.60,1.06,0,353,-6.3,-15.3,11:18,RUN cad>=175,Z2-Z3,145-155,,,,6:37:27,6:25:13
TOTAL,total,Finish,0.00,31.60,31.60,5600,5600,,,,,,,,,,6:37:27,6:25:13
